sujet,date,statut
Comment les peintres préparaient-ils leurs toiles avant l'invention des châssis standardisés ?,2025-10-15T15:01:26.828690,succès
Pourquoi le passage de la détrempe à l'huile a-t-il révolutionné les possibilités picturales ?,2025-10-17T10:43:25.602613,succès
Quelle technique de grisaille les peintres employaient-ils pour les revers de volets ?,2025-10-21T10:44:25.922922,succès
Comment les restaurateurs détectent-ils les repeints ultérieurs sous lumière ultraviolette ?,2025-10-24T10:45:57.445574,succès
Pourquoi tant de peintures anciennes noircissent-elles avec le temps ?,2025-10-28T07:36:29.435347,succès
Quelle réaction chimique transforme progressivement certains verts en bruns ?,2025-11-04T07:37:59.922683,succès
Comment les scientifiques datent-ils un tableau par analyse des pigments ?,2025-11-11T07:38:30.443289,succès
Pourquoi le blanc de plomb a-t-il été interdit malgré ses qualités picturales ?,2025-11-18T07:23:23.971296,succès
Quelle technique de réflectographie infrarouge révèle-t-elle les dessins préparatoires ?,2025-11-25T07:23:12.468479,succès
Comment les faussaires imitent-ils le craquelage naturel des vieux tableaux ?,2025-12-02T07:26:05.438466,succès
Pourquoi certains tableaux impressionnistes ont-ils déjà perdu leur éclat originel ?,2025-12-09T07:26:00.573443,succès
Quelle controverse entoure la restauration de la Chapelle Sixtine par Michel-Ange ?,2025-12-16T07:26:57.654273,succès
Comment les peintres de la Renaissance obtenaient-ils ce fameux bleu outremer ?,2025-12-23T07:27:46.388666,succès
Pourquoi le jaune indien provenait-il d'urine de vaches nourries aux feuilles de manguier ?,2025-12-30T07:26:39.260057,succès
Quelle toxicité le vert de Scheele provoquait-il dans les intérieurs victoriens ?,2026-01-06T07:29:33.745877,succès
Comment le pourpre de Tyr était-il extrait de milliers de murex ?,2026-01-13T07:28:43.581814,succès
Pourquoi les momies égyptiennes étaient-elles broyées pour fabriquer du brun momie ?,2026-01-20T07:32:13.557083,succès
Quelle révolution l'invention des tubes de peinture a-t-elle permise au XIXe siècle ?,2026-01-27T07:38:13.876627,succès
Comment les couleurs synthétiques ont-elles transformé la palette des impressionnistes ?,2026-02-01T07:43:28.364985,succès
Pourquoi Van Gogh préférait-il le jaune de chrome malgré sa tendance à brunir ?,2026-02-02T07:57:42.102828,succès
Quelle est la différence entre un vernis final et un vernis à retoucher ?,2026-02-03T07:50:36.078161,succès
Comment les peintres anciens fixaient-ils leurs pigments avant l'invention des liants modernes ?,2026-02-04T07:51:26.321846,succès
Pourquoi certains rouges de Matisse ont-ils viré au rose en quelques décennies ?,2026-02-05T07:56:58.098977,succès
